<?xml version="1.0" encoding="UTF-8"?>
<project-private xmlns="http://www.netbeans.org/ns/project-private/1">
    <editor-bookmarks xmlns="http://www.netbeans.org/ns/editor-bookmarks/2" lastBookmarkId="0"/>
    <open-files xmlns="http://www.netbeans.org/ns/projectui-open-files/2">
        <group>
            <file>file:/D:/Projects/Java/FruitNinja/src/fruitninja/Factory.java</file>
            <file>file:/D:/Projects/Java/FruitNinja/src/fruitninja/Background.java</file>
            <file>file:/D:/Projects/Java/FruitNinja/src/fruitninja/Banana.java</file>
            <file>file:/D:/Projects/Java/FruitNinja/src/Momento/Momento.java</file>
            <file>file:/D:/Projects/Java/FruitNinja/src/Momento/Originator.java</file>
            <file>file:/D:/Projects/Java/FruitNinja/src/fruitninja/EasyLevel.java</file>
            <file>file:/D:/Projects/Java/FruitNinja/src/Momento/CareTaker.java</file>
            <file>file:/D:/Projects/Java/FruitNinja/src/fruitninja/MediumLevel.java</file>
            <file>file:/D:/Projects/Java/FruitNinja/src/fruitninja/HardLevel.java</file>
        </group>
    </open-files>
</project-private>
