<?xml version="1.0" encoding="UTF-8"?>
<project-private xmlns="http://www.netbeans.org/ns/project-private/1">
    <editor-bookmarks xmlns="http://www.netbeans.org/ns/editor-bookmarks/2" lastBookmarkId="0"/>
    <open-files xmlns="http://www.netbeans.org/ns/projectui-open-files/2">
        <group>
            <file>file:/C:/Users/omar_/OneDrive/Documents/NetBeansProjects/fruitninja-YahyaIS-patch-5/fruitninja-YahyaIS-patch-5/FruitNinja/src/fruitninja/GameActions.java</file>
            <file>file:/C:/Users/omar_/OneDrive/Documents/NetBeansProjects/fruitninja-YahyaIS-patch-5/fruitninja-YahyaIS-patch-5/FruitNinja/src/fruitninja/Factory.java</file>
            <file>file:/C:/Users/omar_/OneDrive/Documents/NetBeansProjects/fruitninja-YahyaIS-patch-5/fruitninja-YahyaIS-patch-5/FruitNinja/src/Momento/CareTaker.java</file>
            <file>file:/C:/Users/omar_/OneDrive/Documents/NetBeansProjects/fruitninja-YahyaIS-patch-5/fruitninja-YahyaIS-patch-5/FruitNinja/src/fruitninja/Fruit.java</file>
            <file>file:/C:/Users/omar_/OneDrive/Documents/NetBeansProjects/fruitninja-YahyaIS-patch-5/fruitninja-YahyaIS-patch-5/FruitNinja/src/fruitninja/TheActions.java</file>
            <file>file:/C:/Users/omar_/OneDrive/Documents/NetBeansProjects/fruitninja-YahyaIS-patch-5/fruitninja-YahyaIS-patch-5/FruitNinja/src/fruitninja/EasyLevel.java</file>
            <file>file:/C:/Users/omar_/OneDrive/Documents/NetBeansProjects/fruitninja-YahyaIS-patch-5/fruitninja-YahyaIS-patch-5/FruitNinja/src/Momento/Originator.java</file>
            <file>file:/C:/Users/omar_/OneDrive/Documents/NetBeansProjects/fruitninja-YahyaIS-patch-5/fruitninja-YahyaIS-patch-5/FruitNinja/src/fruitninja/FruitNinja.java</file>
            <file>file:/C:/Users/omar_/OneDrive/Documents/NetBeansProjects/fruitninja-YahyaIS-patch-5/fruitninja-YahyaIS-patch-5/FruitNinja/src/Momento/Momento.java</file>
        </group>
    </open-files>
</project-private>
